author,links,review_count,status,title,view
,"https://truyentranhaudio.com/truyen-mat-the-quat-khoi.html,https://truyentranhaudio.com/truyen-ta-vo-dich-luc-nao.html,https://truyentranhaudio.com/truyen-mat-the-than-tai.html,https://truyentranhaudio.com/truyen-ton-thuong.html,https://truyentranhaudio.com/truyen-dien-thoai-cua-ta-thong-tam-gioi.html,https://truyentranhaudio.com/truyen-vo-luyen-dinh-phong.html,https://truyentranhaudio.com/truyen-quy-linh-vuong.html,https://truyentranhaudio.com/truyen-nguyen-ton.html,https://truyentranhaudio.com/truyen-dai-tuong-vo-hinh.html,https://truyentranhaudio.com/truyen-hoc-si-tai-sinh.html,https://truyentranhaudio.com/truyen-chien-hon-tuyet-the.html,https://truyentranhaudio.com/truyen-bat-dau-voi-chi-ton-dan-dien.html,https://truyentranhaudio.com/truyen-tai-thiet-ham-nguc.html,https://truyentranhaudio.com/truyen-trong-sinh-khi-thieu-quy-lai.html,https://truyentranhaudio.com/truyen-return-survival.html,https://truyentranhaudio.com/truyen-thoi-ky-tan-the.html,https://truyentranhaudio.com/truyen-toi-cuong-phan-sao-lo-he-thong.html,https://truyentranhaudio.com/truyen-ta-la-chi-ton.html,https://truyentranhaudio.com/truyen-tien-de-qui-lai.html,https://truyentranhaudio.com/truyen-chu-gioi-tan-the-online.html",,,,
,"https://truyentranhaudio.com/truyen-thien-ma-phi-thang-truyen.html,https://truyentranhaudio.com/truyen-van-co-toi-cuong-tong.html,https://truyentranhaudio.com/truyen-toi-da-chuyen-sinh-thanh-slime.html,https://truyentranhaudio.com/truyen-vua-thang-cap.html,https://truyentranhaudio.com/truyen-su-tro-lai-cua-nguoi-choi-cap-cao-nhat.html,https://truyentranhaudio.com/truyen-toi-la-nguoi-choi-leo-thap-mot-minh.html,https://truyentranhaudio.com/truyen-anh-hung-manh-nhat-ta-khong-lam-lau-roi.html,https://truyentranhaudio.com/truyen-quang-truong-mau.html,https://truyentranhaudio.com/truyen-thien-ma-than-quyet-trung-sinh.html,https://truyentranhaudio.com/truyen-phi-loi-dao.html,https://truyentranhaudio.com/truyen-doi-truong-linh-danh-thue.html,https://truyentranhaudio.com/truyen-dao-si-giang-ho.html,https://truyentranhaudio.com/truyen-sat-thu-anh-vu.html,https://truyentranhaudio.com/truyen-druid-tai-ga-seoul.html,https://truyentranhaudio.com/truyen-cuong-ma-tai-the.html,https://truyentranhaudio.com/truyen-su-tro-lai-cua-huyen-thoai.html,https://truyentranhaudio.com/truyen-hoc-gia-tro-lai.html,https://truyentranhaudio.com/truyen-vuot-qua-ke-manh.html,https://truyentranhaudio.com/truyen-thien-tinh-chi-lo.html,https://truyentranhaudio.com/truyen-vo-dao-doc-ton.html",,,,
,"https://truyentranhaudio.com/truyen-am-hai-ky-nguyen.html,https://truyentranhaudio.com/truyen-ta-bi-nhot-cung-mot-ngay-muoi-van-nam.html,https://truyentranhaudio.com/truyen-trong-sinh-do-thi-tu-tien.html,https://truyentranhaudio.com/truyen-ta-co-chin-nu-do-de.html,https://truyentranhaudio.com/truyen-vong-du-chi-can-chien-phap-su.html,https://truyentranhaudio.com/truyen-do-de-cua-ta-deu-la-nu-ma-dau.html,https://truyentranhaudio.com/truyen-cuong-gia-den-tu-trai-tam-than.html,https://truyentranhaudio.com/truyen-bat-dau-vung-day-tu-viec-choi-game-nghiem-tuc.html,https://truyentranhaudio.com/truyen-su-do-vo-han-va-12-chien-co.html,https://truyentranhaudio.com/truyen-ta-co-999-loai-di-nang.html,https://truyentranhaudio.com/truyen-dang-cuu-the-duoc-chon-lua.html,https://truyentranhaudio.com/truyen-song-tu-dao-lu-cua-toi.html,https://truyentranhaudio.com/truyen-ta-co-mot-son-trai.html,https://truyentranhaudio.com/truyen-ban-hoc-cua-toi-la-linh-danh-thue.html,https://truyentranhaudio.com/truyen-do-thi-chi-nghich-thien-tien-ton.html,https://truyentranhaudio.com/truyen-luyen-the-tram-nghin-tang.html,https://truyentranhaudio.com/truyen-con-quy-da-san-sang-cho-bua-toi-.html,https://truyentranhaudio.com/truyen-ta-da-dat-ra-thoi-dai-cua-van-toc.html,https://truyentranhaudio.com/truyen-toi-chuyen-vang-tai-mat-the.html,https://truyentranhaudio.com/truyen-ta-tu-co-le-la-gia-tien.html",,,,
,"https://truyentranhaudio.com/truyen-nghich-thien-kiem-than.html,https://truyentranhaudio.com/truyen-thong-u-dai-thanh.html,https://truyentranhaudio.com/truyen-bat-dau-voi-te-thien-dai-thanh.html,https://truyentranhaudio.com/truyen-tuyet-the-vo-cong.html,https://truyentranhaudio.com/truyen-bi-phan-boi-boi-dong-doi-va-so-huu-gacha-khong-gioi-han-lv9999.html,https://truyentranhaudio.com/truyen-ta-co-the-rut-ra-thuoc-tinh.html,https://truyentranhaudio.com/truyen-san-co-chien-ky.html,https://truyentranhaudio.com/truyen-thieu-nien-phuong-si.html,https://truyentranhaudio.com/truyen-chua-te-vuc-tham.html,https://truyentranhaudio.com/truyen-mat-the-cung-ban-gai-zombie.html,https://truyentranhaudio.com/truyen-thien-vo-chien-than.html,https://truyentranhaudio.com/truyen-toan-tri-doc-gia.html,https://truyentranhaudio.com/truyen-bac-si-trung-sinh-ve-murim.html,https://truyentranhaudio.com/truyen-tro-lai-thanh-nguoi-choi.html,https://truyentranhaudio.com/truyen-nguoi-choi-tro-ve-tu-dia-nguc.html,https://truyentranhaudio.com/truyen-cuong-thieu-sieu-thien-tai.html,https://truyentranhaudio.com/truyen-su-thuc-tinh-cua-hac-ma-phap-su-sau-66666-nam.html,https://truyentranhaudio.com/truyen-ke-thach-dau.html,https://truyentranhaudio.com/truyen-cung-quy-kiem-than.html,https://truyentranhaudio.com/truyen-nguoi-dan-ong-thuc-thu.html",,,,
,"https://truyentranhaudio.com/truyen-nguoi-tu-tien-tai-do-thi.html,https://truyentranhaudio.com/truyen-do-thi-ta-vuong.html,https://truyentranhaudio.com/truyen-sinh-tu-quyet.html,https://truyentranhaudio.com/truyen-ta-tro-ve-tu-chu-thien-van-gioi.html,https://truyentranhaudio.com/truyen-tang-phong.html,https://truyentranhaudio.com/truyen-cuc-pham-diem-la-he-thong.html,https://truyentranhaudio.com/truyen-chuyen-sinh-thanh-that-hoang-tu.html,https://truyentranhaudio.com/truyen-nguoi-nuoi-rong.html,https://truyentranhaudio.com/truyen-muc-long-su.html,https://truyentranhaudio.com/truyen-dao-quan.html,https://truyentranhaudio.com/truyen-chua-te-tam-gioi.html,https://truyentranhaudio.com/truyen-vo-dong-can-khon.html,https://truyentranhaudio.com/truyen-con-thon-thien-ha.html,https://truyentranhaudio.com/truyen-than-sung-tien-hoa.html,https://truyentranhaudio.com/truyen-ky-nguyen-tan-bao.html,https://truyentranhaudio.com/truyen-van-co-de-nhat-than.html,https://truyentranhaudio.com/truyen-doc-co-tu-linh-su.html,https://truyentranhaudio.com/truyen-van-co-kiem-than.html,https://truyentranhaudio.com/truyen-phong-khoi-thuong-lam.html,https://truyentranhaudio.com/truyen-giai-thoat-99-nu-chinh-o-mat-the.html",,,,
,"https://truyentranhaudio.com/truyen-doc-bo-tieu-dao.html,https://truyentranhaudio.com/truyen-de-tu-cua-ta-deu-la-sup-bo-than.html,https://truyentranhaudio.com/truyen-huyet-ma-nhan.html,https://truyentranhaudio.com/truyen-vuot-qua-gioi-han.html,https://truyentranhaudio.com/truyen-dai-vuong-tha-mang.html,https://truyentranhaudio.com/truyen-lan-kha-ky-duyen.html,https://truyentranhaudio.com/truyen-toan-chuc-phap-su.html,https://truyentranhaudio.com/truyen-yeu-than-ky.html,https://truyentranhaudio.com/truyen-dai-ma-hoang-thuong-ngay-phien-nao.html,https://truyentranhaudio.com/truyen-dua-mami-ve-nha.html,https://truyentranhaudio.com/truyen-thanh-khu.html,https://truyentranhaudio.com/truyen-cac-nu-do-de-cua-ta-deu-la-chu-thien-dai-lao-tuong-lai.html,https://truyentranhaudio.com/truyen-ngao-thi-thien-dia.html,https://truyentranhaudio.com/truyen-tu-tien-gia-dai-chien-sieu-nang-luc.html,https://truyentranhaudio.com/truyen-bat-dau-quat-khoi-tu-lam-lo-dinh.html,https://truyentranhaudio.com/truyen-su-ty-cua-ta-dong-den-mot-dam.html,https://truyentranhaudio.com/truyen-dao-tu-sat.html,https://truyentranhaudio.com/truyen-de-nhat-danh-sach.html,https://truyentranhaudio.com/truyen-ta-la-chien-than-vo-song.html,https://truyentranhaudio.com/truyen-hoanh-tao-cuu-chau.html",,,,
,"https://truyentranhaudio.com/truyen-ta-co-vo-so-than-kiem-.html,https://truyentranhaudio.com/truyen-lui-ra-phia-sau-de-vi-su-toi.html,https://truyentranhaudio.com/truyen-ma-thu-kiem-thanh-di-gioi-tung-hoanh.html,https://truyentranhaudio.com/truyen-toan-cau-sup-do.html,https://truyentranhaudio.com/truyen-khung-dinh-chi-thuong.html,https://truyentranhaudio.com/truyen-van-toc-chi-kiep.html,https://truyentranhaudio.com/truyen-vuong-bai-dac-cong-trung-sinh-vuon-truong.html,https://truyentranhaudio.com/truyen-dai-ca-tro-lai-tuoi-16.html,https://truyentranhaudio.com/truyen-tu-la-vo-than.html,https://truyentranhaudio.com/truyen-su-huynh-cua-ta-qua-can-than-roi.html,https://truyentranhaudio.com/truyen-tan-hon-don-kiem-than-.html,https://truyentranhaudio.com/truyen-chi-ton-trong-sinh.html,https://truyentranhaudio.com/truyen-mairimashita-iruma-kun.html,https://truyentranhaudio.com/truyen-ngu-linh-the-gioi.html,https://truyentranhaudio.com/truyen-nguoi-choi-moi-cap-toi-da.html,https://truyentranhaudio.com/truyen-trong-sinh-dia-cau-tien-ton.html,https://truyentranhaudio.com/truyen-tien-ton-lac-vo-cuc.html,https://truyentranhaudio.com/truyen-nguoi-tren-van-nguoi.html,https://truyentranhaudio.com/truyen-van-gioi-tien-tung.html,https://truyentranhaudio.com/truyen-seoul-tu-linh-su.html",,,,
,"https://truyentranhaudio.com/truyen-lao-to-luyen-the-manh-nhat-lich-su.html,https://truyentranhaudio.com/truyen-tro-ve-lam-dai-lao-thoi-mat-the.html,https://truyentranhaudio.com/truyen-toi-thang-cap-mot-minh-ss2.html,https://truyentranhaudio.com/truyen-chung-cuc-dau-la.html,https://truyentranhaudio.com/truyen-sozai-saishuka-no-isekai-ryokouki.html,https://truyentranhaudio.com/truyen-vinh-hang-chi-ton.html,https://truyentranhaudio.com/truyen-mot-tram-trieu-diem.html,https://truyentranhaudio.com/truyen-dau-pha-thuong-khung.html,https://truyentranhaudio.com/truyen-tinh-vo-than-quyet.html,https://truyentranhaudio.com/truyen-tren-nguoi-ta-co-mot-con-rong.html,https://truyentranhaudio.com/truyen-ta-lap-hau-cung-tai-tay-du-ky.html,https://truyentranhaudio.com/truyen-bach-luyen-thanh-than.html,https://truyentranhaudio.com/truyen-yeu-gia-vi-vuong.html,https://truyentranhaudio.com/truyen-bat-dau-lam-super-god-bang-viec-day-do-6-ty-ty.html,https://truyentranhaudio.com/truyen-ta-la-nha-giau-so-mot-ta-khong-muon-trong-sinh.html,https://truyentranhaudio.com/truyen-vu-em-tien-ton-di-o-re.html,https://truyentranhaudio.com/truyen-than-hon-vo-de.html,https://truyentranhaudio.com/truyen-dai-quan-gia-la-ma-hoang.html,https://truyentranhaudio.com/truyen-pham-nhan-tu-tien.html,https://truyentranhaudio.com/truyen-nguyen-long.html",,,,
,"https://truyentranhaudio.com/truyen-thuong-nguyen-do.html,https://truyentranhaudio.com/truyen-tien-kiem-bat-bai.html,https://truyentranhaudio.com/truyen-su-tro-lai-cua-anh-hung-diet-the.html,https://truyentranhaudio.com/truyen-khat-vong-troi-day.html,https://truyentranhaudio.com/truyen-cac-chom-sao-chi-chu-y-minh-toi.html,https://truyentranhaudio.com/truyen-ki-nguyen-cua-anh-hung.html,https://truyentranhaudio.com/truyen-tieu-diet-dang-cuu-the.html,https://truyentranhaudio.com/truyen-con-duong-vo-gia-cua-phe-vat.html,https://truyentranhaudio.com/truyen-su-chuyen-sinh-vao-vo-lam-the-gia-cua-ranker.html,https://truyentranhaudio.com/truyen-kiem-nghich-thuong-khung.html,https://truyentranhaudio.com/truyen-de-co-the-song-sot.html,https://truyentranhaudio.com/truyen-kiem-tu-imba-nhat-qua-dat.html,https://truyentranhaudio.com/truyen-khinh-phong.html,https://truyentranhaudio.com/truyen-hom-nay-toi-hoa-kaiju.html,https://truyentranhaudio.com/truyen-suc-manh-cua-kiem-than.html,https://truyentranhaudio.com/truyen-ban-gai-toi-la-long-ngao-thien.html,https://truyentranhaudio.com/truyen-ta-luyen-khi-ba-ngan-nam.html,https://truyentranhaudio.com/truyen-danh-bai-chu-thien.html,https://truyentranhaudio.com/truyen-tha-vu-nu-do-ra.html,https://truyentranhaudio.com/truyen-lang-thien-than-de.html",,,,
Chưởng Duyệt,,83,Đang tiến hành,TIÊN ĐẾ QUI LAI,49673
,"https://truyentranhaudio.com/truyen-sieu-than-hen-ho-cung-hoa-khoi.html,https://truyentranhaudio.com/truyen-than-vo-thien-ton.html,https://truyentranhaudio.com/truyen-nghich-thien-ta-than.html,https://truyentranhaudio.com/truyen-long-vuong-truyen-thuyet.html,https://truyentranhaudio.com/truyen-trong-sinh-sau-tam-van-nam.html,https://truyentranhaudio.com/truyen-bo-toi-qua-manh.html,https://truyentranhaudio.com/truyen-ban-kiem-tien-tuyet-khong-lam-no.html,https://truyentranhaudio.com/truyen-nai-ba-la-chien-than-manh-nhat.html,https://truyentranhaudio.com/truyen-hau-cung-cua-ta-dua-vao-rut-the.html,https://truyentranhaudio.com/truyen-cam-dien-thoai-xuyen-khong-nhung-quen-mang-sac.html,https://truyentranhaudio.com/truyen-ba-toi-la-chien-than.html,https://truyentranhaudio.com/truyen-vo-nghich.html,https://truyentranhaudio.com/truyen-hon-don-dan-than.html,https://truyentranhaudio.com/truyen-dap-toai-tien-ha.html,https://truyentranhaudio.com/truyen-quan-doan-nu-tu-ngay-tan-the-cua-toi.html,https://truyentranhaudio.com/truyen-quyen-ba-thien-ha.html,https://truyentranhaudio.com/truyen-van-co-de-nhat-te.html,https://truyentranhaudio.com/truyen-su-tro-lai-cua-vi-than-suc-manh.html,https://truyentranhaudio.com/truyen-nhan-vat-chinh-manh-nhat-lich-su.html,https://truyentranhaudio.com/truyen-chien-binh-quat-cuong.html",,,,
Đang cập nhật,,28,Đang tiến hành,RETURN SURVIVAL,24111
Đang cập nhật,,110,Đang tiến hành,CHƯ GIỚI - TẬN THẾ ONLINE,104734
Đang cập nhật,,15,Hoàn thành,THỜI KỲ TẬN THẾ,22455
Đang cập nhật,,546,Đang tiến hành,TỐI CƯỜNG PHẢN SÁO LỘ HỆ THỐNG,397156
Đang cập nhật,,25,Đang tiến hành,TÁI THIẾT HẦM NGỤC,24310
Đang cập nhật,,62,Đang tiến hành,CHIẾN HỒN TUYỆT THẾ,75666
Đang cập nhật,,105,Đang tiến hành,BẮT ĐẦU VỚI CHÍ TÔN ĐAN ĐIỀN,107066
Phan Kỳ Động Mạn,,39,Đang tiến hành,ĐẠI TƯỢNG VÔ HÌNH,55121
Updating,,285,Đang tiến hành,HỌC SĨ TRÙNG SINH,185509
Đang cập nhật,,1,Đang tiến hành,QUỶ LINH VƯƠNG,6591
Đang cập nhật,,24,Hoàn thành,TA LÀ CHÍ TÔN,43541
Đang cập nhật,,177,Đang tiến hành,NGUYÊN LONG,153867
Đang cập nhật,,668,Đang tiến hành,ĐẠI QUẢN GIA LÀ MA HOÀNG,494150
Vong Ngữ,,158,Đang tiến hành,PHÀM NHÂN TU TIÊN,123433
Đang cập nhật,,16,Đang tiến hành,CHIẾN BINH QUẬT CƯỜNG,15403
Thiên Tằm Thổ Đậu,,721,Đang tiến hành,NGUYÊN TÔN,509644
Đang cập nhật,,93,Hoàn thành,NHÂN VẬT CHÍNH MẠNH NHẤT LỊCH SỬ,73964
Chưởng Duyệt,,99,Đang tiến hành,TRỌNG SINH KHÍ THIẾU QUY LAI,105336
Đang cập nhật,,35,Đang tiến hành,ĐẠP TOÁI TIÊN HÀ,43801
Đang cập nhật,,71,Đang tiến hành,QUÂN ĐOÀN NỮ TỬ NGÀY TẬN THẾ CỦA TÔI,44531
Đang cập nhật,,4,Đang tiến hành,SỰ TRỞ LẠI CỦA VỊ THẦN SỨC MẠNH,6030
Đang cập nhật,,116,Đang tiến hành,LĂNG THIÊN THẦN ĐẾ,127711
Đang cập nhật,,86,Đang tiến hành,VÕ NGHỊCH,128272
Đang cập nhật,,245,Đang tiến hành,VẠN CỔ ĐỆ NHẤT TẾ,179511
Đang cập nhật,,83,Đang tiến hành,QUYỀN BÁ THIÊN HẠ,71960
Fuyuhara Patora,,7,Đang tiến hành,CẦM ĐIỆN THOẠI XUYÊN KHÔNG NHƯNG QUÊN MANG SẠC,12766
Đang cập nhật,,71,Đang tiến hành,CỨU DROP HẬU CUNG CỦA TA DỰA VÀO RÚT THẺ,25768
Đang cập nhật,,39,Đang tiến hành,HỖN ĐỘN ĐAN THẦN,59831
Zhang Hue,,149,Đang tiến hành,TRỌNG SINH SAU TÁM VẠN NĂM,164609
Đang cập nhật,,22,Đang tiến hành,BẢN KIẾM TIÊN TUYỆT KHÔNG LÀM NÔ,31622
Đang cập nhật,,19,Đang tiến hành,BỐ TÔI QUÁ MẠNH,17020
Đang cập nhật,,10,Đang tiến hành,NÃI BA LÀ CHIẾN THẦN MẠNH NHẤT,31217
Đường Gia Tam Thiếu,,36,Đang tiến hành,LONG VƯƠNG TRUYỀN THUYẾT,55105
Đang cập nhật,,2,Đang tiến hành,SIÊU THẦN HẸN HÒ CÙNG HOA KHÔI,5322
Đang cập nhật,,9,Hoàn thành,ĐÁNH BẠI CHƯ THIÊN,16863
Đang cập nhật,,269,Đang tiến hành,THẦN VÕ THIÊN TÔN,208374
Đang cập nhật,,312,Đang tiến hành,NGHỊCH THIÊN TÀ THẦN,295252
Sở Thiên Ca,,579,Đang tiến hành,TA LUYỆN KHÍ BA NGÀN NĂM,372294
Đang cập nhật,,20,Hoàn thành,BA TÔI LÀ CHIẾN THẦN,21570
Đang cập nhật,,19,Hoàn thành,SỨC MẠNH CỦA KIẾM THẦN,31155
Đang cập nhật,,103,Đang tiến hành,THẢ VU NỮ ĐÓ RA,74350
Đang cập nhật,,12,Hoàn thành,BẠN GÁI TÔI LÀ LONG NGẠO THIÊN,12203
Đang cập nhật,,16,Đang tiến hành,HÔM NAY - TÔI HÓA KAIJU,24601
Updating,,3,Đang tiến hành,KHINH PHONG,4649
Đang cập nhật,,34,Đang tiến hành,CON ĐƯỜNG VÕ GIẢ CỦA PHẾ VẬT,20621
Đang cập nhật,,281,Đang tiến hành,KIẾM NGHỊCH THƯƠNG KHUNG,231689
Đang cập nhật,,20,Đang tiến hành,ĐỂ CÓ THỂ SỐNG SÓT,26217
Đang cập nhật,,13,Đang tiến hành,SỰ CHUYỂN SINH VÀO VÕ LÂM THẾ GIA CỦA RANKER,22608
Manhwa TV,,37,Đang tiến hành,KẺ SĂN ANH HÙNG,53008
Updating,,34,Đang tiến hành,KHÁT VỌNG TRỖI DẬY,41284
Updating,,59,Đang tiến hành,KIẾM TU IMBA NHẤT QUẢ ĐẤT,32484
Đang cập nhật,,64,Đang tiến hành,THƯƠNG NGUYÊN ĐỒ,120485
Đang cập nhật,,48,Đang tiến hành,SỰ TRỞ LẠI CỦA ANH HÙNG DIỆT THẾ,27139
Đang cập nhật,,27,Đang tiến hành,TIÊN KIẾM BẤT BẠI,24442
Đang cập nhật,,6,Đang tiến hành,CÁC CHÒM SAO CHỈ CHÚ Ý MÌNH TÔI,12252
Đang cập nhật,,35,Đang tiến hành,THẦN HỒN VÕ ĐẾ,69480
Updating,,47,Đang tiến hành,BẮT ĐẦU LÀM SUPER GOD BẰNG VIỆC DẠY DỖ 6 TỶ TỶ,52625
Đang cập nhật,,487,Đang tiến hành,"TA LÀ NHÀ GIÀU SỐ MỘT, TA KHÔNG MUỐN TRỌNG SINH",223447
Đang cập nhật,,53,Hoàn thành,TA LẬP HẬU CUNG TẠI TÂY DU KÝ,54493
Đang cập nhật,,75,Đang tiến hành,VÚ EM TIÊN TÔN ĐI Ở RỂ,82962
Đang cập nhật,,32,Đang tiến hành,KỈ NGUYÊN SIÊU ANH HÙNG,21823
Đang cập nhật,,940,Đang tiến hành,BÁCH LUYỆN THÀNH THẦN,923771
Đang cập nhật,,15,Đang tiến hành,SOZAI SAISHUKA NO ISEKAI RYOKOUKI,11043
Đang cập nhật,,122,Đang tiến hành,TINH VÕ THẦN QUYẾT,135872
Thiên Tằm Thổ Đậu,,178,Đang tiến hành,ĐẤU PHÁ THƯƠNG KHUNG,171273
Kiếm Du Thái Hư,,80,Đang tiến hành,VĨNH HẰNG CHÍ TÔN,84916
Đang cập nhật,,236,Đang tiến hành,TRÊN NGƯỜI TA CÓ MỘT CON RỒNG,197516
Đang cập nhật,,85,Đang tiến hành,YÊU GIẢ VI VƯƠNG,122458
Đang cập nhật,,358,Đang tiến hành,SÂU LÔ LÊ VINH SS2,210600
Đường Gia Tam Thiếu,,69,Đang tiến hành,CHUNG CỰC ĐẤU LA,118310
Đang cập nhật,,22,Đang tiến hành,SEOUL TỬ LINH SƯ,37802
Đang cập nhật,,259,Đang tiến hành,NGƯỜI TRÊN VẠN NGƯỜI,137337
Đang cập nhật,,66,Đang tiến hành,TRỞ VỀ LÀM ĐẠI LÃO THỜI MẠT THẾ,83493
Đang cập nhật,,85,Đang tiến hành,TRỌNG SINH ĐỊA CẦU TIÊN TÔN,102735
Đang cập nhật,,165,Đang tiến hành,VẠN GIỚI TIÊN TUNG,134410
Đang cập nhật,,32,Đang tiến hành,NGƯỜI CHƠI MỚI CẤP TỐI ĐA,58404
Đang cập nhật,,22,Đang tiến hành,MỘT TRĂM TRIỆU ĐIỂM,28433
Updating,,30,Đang tiến hành,LÃO TỔ LUYỆN THỂ MẠNH NHẤT LỊCH SỬ,32460
Đang cập nhật,,10,Đang tiến hành,MAIRIMASHITA! IRUMA-KUN,21134
Đang cập nhật,,142,Đang tiến hành,NGỰ LINH THẾ GIỚI,96866
Đang cập nhật,,104,Đang tiến hành,TIÊN TÔN LẠC VÔ CỰC,121333
Đang cập nhật,,11,Đang tiến hành,SƯ HUYNH CỦA TA QUÁ CẨN THẬN RỒI,13792
Updating,,7,Đang tiến hành,TÂN HỖN ĐỘN KIẾM THẦN,21426
Đang cập nhật,,16,Đang tiến hành,CHÍ TÔN TRỌNG SINH,16108
Đang cập nhật,,15,Hoàn thành,VƯƠNG BÀI ĐẶC CÔNG TRÙNG SINH VƯỜN TRƯỜNG,14302
Updating,,156,Đang tiến hành,VẠN TỘC CHI KIẾP,151207
Đang cập nhật,,1,Đang tiến hành,ĐAI CA TRỞ LẠI TUỔI 16,1114
Đang cập nhật,,208,Đang tiến hành,TU LA VÕ THẦN,339483
Updating,,7,Đang tiến hành,KHUNG ĐỈNH CHI THƯỢNG,3907
Đang cập nhật,,26,Hoàn thành,TOÀN CẦU SỤP ĐỔ,36080
Thiên Tằm Thổ Đậu,,45,Đang tiến hành,MA THÚ KIẾM THÁNH DỊ GIỚI TUNG HOÀNH,82839
Updating,,7,Đang tiến hành,TA CÓ VÔ SỐ THẦN KIẾM,4919
Đang cập nhật,,11,Đang tiến hành,HOÀNH TẢO CỬU CHÂU,20215
Updating,,21,Đang tiến hành,ĐỆ NHẤT DANH SÁCH,23351
Updating,,,Đang tiến hành,LUI RA PHÍA SAU ĐỂ VI SƯ TỚI,1408
Đang cập nhật,,20,Hoàn thành,BẮT ĐẦU QUẬT KHỞI TỪ LÀM LÔ ĐỈNH,29528
Đang cập nhật,,12,Đang tiến hành,ĐẢO TỰ SÁT,15039
Đang cập nhật,,62,Đang tiến hành,SƯ TỶ CỦA TA RẤT CỨNG,50746
Đang cập nhật,,225,Đang tiến hành,TU TIÊN GIẢ ĐẠI CHIẾN SIÊU NĂNG LỰC,186937
Đang cập nhật,,42,Đang tiến hành,CÁC NỮ ĐỒ ĐỆ CỦA TA ĐỀU LÀ CHƯ THIÊN ĐẠI LÃO TƯƠNG LAI,61818
Đang cập nhật,,40,Đang tiến hành,THÁNH KHƯ,58577
Mad Snail,,1058,Đang tiến hành,YÊU THẦN KÝ,692134
Đang cập nhật,,9,Đang tiến hành,ĐƯA MAMI VỀ NHÀ,15532
truyện tranh audio,,1182,Đang tiến hành,LẠN KHA KỲ DUYÊN,288113
loạn,,1124,Đang tiến hành,TOÀN CHỨC PHÁP SƯ,611100
Updating,,178,Đang tiến hành,THỢ RÈN HUYỀN THOẠI,138937
Đang cập nhật,,85,Đang tiến hành,ĐẠI MA HOÀNG THƯỜNG NGÀY PHIỀN NÃO,87450
Duyệt Động văn hóa,,737,Đang tiến hành,ĐẠI VƯƠNG THA MẠNG,318673
Đang cập nhật,,79,Đang tiến hành,TA LÀ CHIẾN THẦN VÔ SONG,111110
Đang cập nhật,,153,Đang tiến hành,VẠN CỔ KIẾM THẦN,99443
Đang cập nhật,,212,Đang tiến hành,NGẠO THỊ THIÊN ĐỊA,165050
Updating,,180,Đang tiến hành,GIẢI THOÁT 99 NỮ CHÍNH Ở MẠT THẾ,119891
Đang cập nhật,,135,Đang tiến hành,ĐỘC BỘ TIÊU DAO,159473
Đang cập nhật,,25,Đang tiến hành,ĐỘC CÔ TỬ LINH SƯ,24870
Đang cập nhật,,219,Đang tiến hành,ĐỆ TỬ CỦA TA ĐỀU LÀ SUPER THẦN,190637
Đang cập nhật,,110,Đang tiến hành,PHONG KHỞI THƯƠNG LAM,51974
Đang cập nhật,,95,Đang tiến hành,VẠN CỔ ĐỆ NHẤT THẦN,90485
Đang cập nhật,,91,Đang tiến hành,CÔN THÔN THIÊN HẠ,47089
Đang cập nhật,,8,Đang tiến hành,KỶ NGUYÊN TÀN BẠO,13123
Đang cập nhật,,118,Đang tiến hành,THẦN SỦNG TIẾN HÓA,97069
Đang cập nhật,,99,Đang tiến hành,HUYẾT MA NHÂN,106014
Đang cập nhật,,36,Đang tiến hành,CHÚA TỂ TAM GIỚI,61045
Đang cập nhật,,24,Hoàn thành,NGƯỜI NUÔI RỒNG,35111
Thiên Tằm Thổ Đậu,,154,Đang tiến hành,VÕ ĐỘNG CÀN KHÔN,80758
Đang cập nhật,,48,Đang tiến hành,MỤC LONG SƯ,67692
Đang cập nhật,,94,Đang tiến hành,TA TRỞ VỀ TỪ CHƯ THIÊN VẠN GIỚI,85966
Đang cập nhật,,37,Đang tiến hành,CHUYỂN SINH THÀNH THẤT HOÀNG TỬ,34358
Sở Thiên Ca,,22,Đang tiến hành,CỰC PHẨM DIÊM LA HỆ THỐNG,20926
Đang cập nhật,,19,Đang tiến hành,TÀNG PHONG,23742
Đang cập nhật,,83,Đang tiến hành,CUNG QUỶ KIẾM THẦN,81654
Đang cập nhật,,43,Đang tiến hành,NGƯỜI TU TIÊN TẠI ĐÔ THỊ,62140
Đang cập nhật,,20,Đang tiến hành,SINH TỬ QUYẾT,37203
Redice Studio,,7,Đang tiến hành,KẺ THÁCH ĐẤU,22629
Đang cập nhật,,34,Đang tiến hành,SỰ THỨC TỈNH CỦA HẮC MA PHÁP SƯ SAU 66666 NĂM,52520
Đang cập nhật,,71,Đang tiến hành,NGƯỜI CHƠI TRỞ VỀ TỪ ĐỊA NGỤC,70557
Đang cập nhật,,28,Đang tiến hành,ĐẠO QUÂN,43339
Đang cập nhật,,19,Đang tiến hành,NGƯỜI ĐÀN ÔNG THỰC THỤ,22880
Đang cập nhật,,15,Đang tiến hành,CUỒNG THIẾU SIÊU THIÊN TÀI,22228
Đang cập nhật,,14,Đang tiến hành,TRỞ LẠI THÀNH NGƯỜI CHƠI,14095
Đang cập nhật,,22,Đang tiến hành,BÁC SĨ TRÙNG SINH VỀ MURIM,41235
Đang cập nhật,,22,Đang tiến hành,ĐÔ THỊ TÀ VƯƠNG,29157
Đang cập nhật,,10,Đang tiến hành,THIÊN VÕ CHIẾN THẦN,38420
Manhwa TV,,44,Đang tiến hành,TOÀN TRÍ ĐỘC GIẢ,55413
Đang cập nhật,,5,Đang tiến hành,CHÚA TỂ VỰC THẲM,20597
Đang cập nhật,,28,Đang tiến hành,MẠT THẾ CÙNG BẠN GÁI ZOMBIE,19868
Đang cập nhật,,8,Đang tiến hành,THIẾU NIÊN PHƯƠNG SĨ,4094
Đang cập nhật,,17,Hoàn thành,BẮT ĐẦU VỚI TỀ THIÊN ĐẠI THÁNH,25869
Đang cập nhật,,13,Đang tiến hành,BỊ PHẢN BỘI BỞI ĐỒNG ĐỘI VÀ SỞ HỮU [GACHA KHÔNG GIỚI HẠN] LV.9999,13863
Đang cập nhật,,,Đang tiến hành,SÂN CỎ CHIẾN KÝ,2120
Đang cập nhật,,19,Hoàn thành,THÔNG U ĐẠI THÁNH,44392
Đang cập nhật,,40,Đang tiến hành,TA TU CÓ LẼ LÀ GIẢ TIÊN,40340
Đang cập nhật,,14,Đang tiến hành,TUYỆT THẾ VÕ CÔNG,33532
Đang cập nhật,,28,Đang tiến hành,TA ĐÃ ĐẶT RA THỜI ĐẠI CỦA VẠN TỘC,44415
Updating,,9,Đang tiến hành,TA CÓ THỂ RÚT RA THUỘC TÍNH,10143
Đang cập nhật,,41,Đang tiến hành,LUYỆN THỂ TRĂM NGHÌN TẦNG,67842
Đang cập nhật,,134,Đang tiến hành,NGHỊCH THIÊN KIẾM THẦN,92251
Đang cập nhật,,7,Đang tiến hành,CON QUỶ ĐÃ SẴN SÀNG CHO BỮA TỐI !,22734
Đang cập nhật,,92,Đang tiến hành,ĐÔ THỊ CHI NGHỊCH THIÊN TIÊN TÔN,100837
Đang cập nhật,,6,Đang tiến hành,ĐẤNG CỨU THẾ ĐƯỢC CHỌN LỰA,5312
Đang cập nhật,,315,Đang tiến hành,TA CÓ MỘT SƠN TRẠI,238834
Đang cập nhật,,289,Đang tiến hành,SONG TU ĐẠO LỮ CỦA TÔI,182813
Đang cập nhật,,51,Đang tiến hành,TA CÓ 999 LOẠI DỊ NĂNG,45356
Đang cập nhật,,58,Đang tiến hành,VÔ HẠN SỨ ĐỒ VÀ 12 NỮ CHIẾN BINH,49464
Đang cập nhật,,70,Đang tiến hành,CƯỜNG GIẢ ĐẾN TỪ TRẠI TÂM THẦN,76768
Gan,,213,Đang tiến hành,BẮT ĐẦU VÙNG DẬY TỪ VIỆC CHƠI GAME NGHIÊM TÚC,116684
Updating,,196,Hoàn thành,ĐỒ ĐỆ TA TOÀN LÀ NỮ MA ĐẦU,155718
Đang cập nhật,,104,Đang tiến hành,BẠN HỌC CỦA TÔI LÀ LÍNH ĐÁNH THUÊ,80681
Đang cập nhật,,624,Đang tiến hành,TRỌNG SINH ĐÔ THỊ TU TIÊN,562244
Đang cập nhật,,10,Hoàn thành,ÁM HẢI KỶ NGUYÊN,2323
Đang cập nhật,,239,Đang tiến hành,VÕ ĐẠO ĐỘC TÔN,218783
Bác Dịch Động Mạn,,139,Đang tiến hành,TA CÓ CHÍN NỮ ĐỒ ĐỆ,144156
Đang cập nhật,,124,Đang tiến hành,TA BỊ NHỐT CÙNG MỘT NGÀY MƯỜI VẠN NĂM,165245
Đang cập nhật,,102,Đang tiến hành,TÔI CHUYỂN VÀNG TẠI MẠT THẾ,110642
Đang cập nhật,,1,Đang tiến hành,VƯỢT QUA KẺ MẠNH,1942
Đang cập nhật,,5,Đang tiến hành,HỌC GIẢ TRỞ LẠI,5637
Đang cập nhật,,5,Đang tiến hành,THIÊN TỈNH CHI LỘ,11321
Đang cập nhật,,9,Đang tiến hành,SÁT THỦ ANH VŨ,6859
Đang cập nhật,,60,Đang tiến hành,DRUID TẠI GA SEOUL,62634
Đang cập nhật,,18,Đang tiến hành,SỰ TRỞ LẠI CỦA HUYỀN THOẠI,21025
Đang cập nhật,,24,Đang tiến hành,ĐẠO SĨ GIANG HỒ,31260
Đang cập nhật,,14,Đang tiến hành,ĐỘI TRƯỞNG LÍNH ĐÁNH THUÊ,18425
Đang cập nhật,,74,Đang tiến hành,PHI LÔI ĐẠO,53764
Đang cập nhật,,24,Đang tiến hành,CUỒNG MA TÁI THẾ,30824
Đang cập nhật,,8,Đang tiến hành,ANH HÙNG MẠNH NHẤT? TA KHÔNG LÀM LÂU RỒI!,16308
Updating,,57,Đang tiến hành,THIÊN MA THẦN QUYẾT: TRÙNG SINH,28419
Đang cập nhật,,61,Đang tiến hành,CẬN CHIẾN PHÁP SƯ,63355
Đang cập nhật,,24,Đang tiến hành,SỰ TRỞ LẠI CỦA NGƯỜI CHƠI CẤP CAO NHẤT,41381
Se Hyung Oh,,2,Đang tiến hành,PLAZA,8370
Đang cập nhật,,263,Đang tiến hành,VẠN CỔ TỐI CƯỜNG TÔNG,149595
Đang cập nhật,,46,Đang tiến hành,VUA THĂNG CẤP,59853
Updating,,54,Đang tiến hành,TÔI LÀ NGƯỜI CHƠI LEO THÁP MỘT MÌNH,58748
Fuse,,50,Đang tiến hành,TÔI ĐÃ CHUYỂN SINH THÀNH SLIME,32549
Đang cập nhật,,3,Đang tiến hành,THIÊN MA PHI THĂNG TRUYỆN,15589
Đang cập nhật,,2444,Đang tiến hành,VÕ LUYỆN ĐỈNH PHONG,3339386
Đang cập nhật,,13,Đang tiến hành,MẠT THẾ THẦN TÀI,25614
Đang cập nhật,,96,Đang tiến hành,TÔN THƯỢNG,122683
Đang cập nhật,,72,Đang tiến hành,MẠT THẾ QUẬT KHỞI,94782
Đang cập nhật,,66,Đang tiến hành,ĐIỆN THOẠI CỦA TA THÔNG TAM GIỚI,76014
Hí Liễu Tiên Sinh,,64,Đang tiến hành,TA VÔ ĐỊCH LÚC NÀO,28289
